[
    {
        "question": "Jaka jest stolica Francji?",
        "answer": "Paryż",
        "hint": "Miasto miłości."
    },
    {
        "question": "Ile kontynentów jest na Ziemi?",
        "answer": "7",
        "hint": "Liczba dni w tygodniu plus minus."
    },
    {
        "question": "Kto namalował Mona Lisę?",
        "answer": "Leonardo da Vinci",
        "hint": "Renesansowy artysta i wynalazca."
    },
    {
        "question": "Jaka jest największa planeta Układu Słonecznego?",
        "answer": "Jowisz",
        "hint": "Gazowy olbrzym."
    },
    {
        "question": "Ile wynosi pierwiastek kwadratowy z 81?",
        "answer": "9",
        "hint": "Pojedyncza cyfra."
    }
]